Nom,Prix,Lien,Date
Brosse feutre,د.ت 16.000,https://www.technoquip-tn.com/produit/brosse-feutre-tunisie/,2025-02-11
Embout pour aspirateur plat extra-long,د.ت 9.800,https://www.technoquip-tn.com/produit/embout-pour-aspirateur-plat-extra-long-tunisie/,2025-02-11
Jeu de buse 5 pièces pour lance,د.ت 48.000,https://www.technoquip-tn.com/produit/jeu-de-buse-5-pieces-pour-lance/,2025-02-11
Lance nettoyeur Lutian,د.ت 88.000,https://www.technoquip-tn.com/produit/lance-nettoyeur-lutian-tunisie/,2025-02-11
Roue pour Boggie,د.ت 45.000,https://www.technoquip-tn.com/produit/roue-pour-boggie/,2025-02-11
Pinces batterie,د.ت 3.000,https://www.technoquip-tn.com/produit/pinces-batterie-tunisie/,2025-02-11
Raccord rapide en cuivre pour nettoyeur Lutian,د.ت 19.000,https://www.technoquip-tn.com/produit/raccord-rapide-en-cuivre-pour-nettoyeur-lutian-tunisie/,2025-02-11
Pistolet S09 LAVOR,د.ت 101.000,https://www.technoquip-tn.com/produit/pistolet-s09-lavor/,2025-02-11
Brosse universelle ronde,د.ت 17.900,https://www.technoquip-tn.com/produit/brosse-universelle-ronde-tunisie/,2025-02-11
Moteur pour aspirateur 1000W RHINO,د.ت 125.000,https://www.technoquip-tn.com/produit/moteur-pour-aspirateur-1000w-rhino-tunisie/,2025-02-11
Flexible pour aspirateur 1.7M,د.ت 29.300,https://www.technoquip-tn.com/produit/flexible-pour-aspirateur-1-7m/,2025-02-11
Flexible pour aspirateur 2.5M,د.ت 40.000,https://www.technoquip-tn.com/produit/flexible-pour-aspirateur-2-5m-tunisie/,2025-02-11
Filtre pour aspirateur,د.ت 49.000,https://www.technoquip-tn.com/produit/filtre-pour-aspirateur-tunisie/,2025-02-11
Lance S12 pour buse interchangeable,د.ت 28.000,https://www.technoquip-tn.com/produit/lance-s12-pour-buse-interchangeable/,2025-02-11
Manette pour mono-brosse,د.ت 90.000,https://www.technoquip-tn.com/produit/manette-pour-mono-brosse-tunisie/,2025-02-11
Embout rapide mâle Lutian pour nettoyeur,د.ت 11.900,https://www.technoquip-tn.com/produit/embout-rapide-male-lutian-pour-nettoyeur-tunisie/,2025-02-11
Lance a mousse Advanced 1 KÄRCHER,د.ت 552.630,https://www.technoquip-tn.com/produit/lance-a-mousse-advanced-1-karcher/,2025-02-11
Lance a mousse TR Karcher basic 1 et basic 3,د.ت 400.000,https://www.technoquip-tn.com/produit/lance-a-mousse-tr-karcher-tunisie/,2025-02-11
Suceur articulé à brosse pas 850 Bosch,د.ت 83.000,https://www.technoquip-tn.com/produit/suceur-articule-a-brosse-pas-850/,2025-02-11
Filtre pistolet ASTURO RF90112,د.ت 13.000,https://www.technoquip-tn.com/produit/filtre-pistolet-asturo-rf90112-tunisie/,2025-02-11
"Brosse de lavage rotative Karcher < 800 l/h, poils nylon",د.ت 544.830,https://www.technoquip-tn.com/produit/brosse-de-lavage-rotative-karcher/,2025-02-11
Bras pour monobrosse sans réservoir,د.ت 487.500,https://www.technoquip-tn.com/produit/bras-pour-monobrosse-sans-reservoir-tunisie/,2025-02-11
Réservoir mono-brosses de rechange,د.ت 119.000,https://www.technoquip-tn.com/produit/reservoir-mono-brosses-tunisie/,2025-02-11
Brosse soft pour mono-brosse,د.ت 85.000,https://www.technoquip-tn.com/produit/brosse-soft-pour-mono-brosse-tunisie/,2025-02-11
Plateau pour mono-brosse,د.ت 85.000,https://www.technoquip-tn.com/produit/plateau-pour-mono-brosse-tunisie/,2025-02-11
Brosse pour aspirateur,د.ت 29.800,https://www.technoquip-tn.com/produit/brosse-pour-aspirateur-tunisie/,2025-02-11
Sacs filtrants en non-tissé 10 Pièces karcher,د.ت 125.790,https://www.technoquip-tn.com/produit/sacs-filtrants-en-non-tisse-tunisie/,2025-02-11
Tuyau aspiration karcher,د.ت 30.585,https://www.technoquip-tn.com/produit/tuyau-aspiration-karcher-tunisie/,2025-02-11
Filtre à cartouche papier pour NT27/1 karcher,د.ت 129.000,https://www.technoquip-tn.com/produit/filtre-a-cartouche-papier-tunisie/,2025-02-11
Buse de nettoyage de canalisations karcher,د.ت 125.220,https://www.technoquip-tn.com/produit/buse-de-nettoyage-de-canalisations/,2025-02-11
Lance turbo SO2V pour nettoyeurs HP,د.ت 23.000,https://www.technoquip-tn.com/produit/lance-turbo-so2v-pour-nettoyeurs-hp/,2025-02-11
Buse & Aiguille AZ3 HTE-S Impact Iwata,د.ت 108.000,https://www.technoquip-tn.com/produit/buse-aiguille-az3-hte-s-impact-iwata-tunisie/,2025-02-11
Tête de compresseur ABAC,د.ت 718.000,https://www.technoquip-tn.com/produit/tete-de-compresseur-abac-tunisie/,2025-02-11
Brosse hard pour mono-brosse,د.ت 79.000,https://www.technoquip-tn.com/produit/brosse-hard-pour-mono-brosse-tunisie/,2025-02-11
Raclette optionnelle adaptable,د.ت 126.000,https://www.technoquip-tn.com/produit/raclette-optionnelle-adaptable-tunisie/,2025-02-11
Buse de sablage en carbure,د.ت 600.000,https://www.technoquip-tn.com/produit/buse-de-sablage-en-carbure-tunisie/,2025-02-11
Flexible pour nettoyeur 10 m 275 bar,د.ت 175.000,https://www.technoquip-tn.com/produit/flexible-pour-nettoyeur-10m-tunisie/,2025-02-11
Tendeur de pression Lutian,د.ت 174.000,https://www.technoquip-tn.com/produit/tendeur-de-pression-lutian-tunisie/,2025-02-11
Pompe de rechange pour nettoyeur,د.ت 678.000,https://www.technoquip-tn.com/produit/pompe-de-rechange-pour-nettoyeur-tunisie/,2025-02-11
Roue directrice pour transpalette,د.ت 78.000,https://www.technoquip-tn.com/produit/roue-directrice-pour-transpalette-tunisie/,2025-02-11
Boggie double roues pour transpalettes,د.ت 145.000,https://www.technoquip-tn.com/produit/boggie-double-roues-pour-transpalettes-tunisie/,2025-02-11
Brosse à disque orbitale karcher,د.ت 1.008.450,https://www.technoquip-tn.com/produit/brosse-a-disque-orbitale-karcher/,2025-02-11
Filtre HEPA 13 Karcher,د.ت 164.505,https://www.technoquip-tn.com/produit/filtre-hepa-13-karcher-tunisie/,2025-02-11
Buse triple 08 touchless Karcher,د.ت 447.990,https://www.technoquip-tn.com/produit/buse-triple-08-touchless-karcher/,2025-02-11
Station dosage du détergent DS3 karcher,د.ت 3.105.135,https://www.technoquip-tn.com/produit/station-dosage-du-detergent-ds3/,2025-02-11
Kit de montage nettoyage moquette BR 30/4 karcher,د.ت 585.045,https://www.technoquip-tn.com/produit/kit-de-montage-nettoyage-moquette/,2025-02-11
Barre aspiration 300 mm karcher,د.ت 193.845,https://www.technoquip-tn.com/produit/barre-aspiration-300-mm-karcher/,2025-02-11
Pad microfibre blanc karcher 5pièces,د.ت 905.475,https://www.technoquip-tn.com/produit/pad-microfibre-blanc-karcher-5pieces/,2025-02-11
Lot 5 pads moyennement durs vert karcher,د.ت 431.700,https://www.technoquip-tn.com/produit/lot-5-pads-moyennement-durs-vert/,2025-02-11
Panneau entraînement patins 430mm,د.ت 455.325,https://www.technoquip-tn.com/produit/panneau-entrainement-patins-430mm/,2025-02-11
Panneau entraînement de patin 270mm karcher,د.ت 522.720,https://www.technoquip-tn.com/produit/panneau-entrainement-de-patin-270mm/,2025-02-11
Brosse disque moyenne rouge 280mm karcher,د.ت 457.425,https://www.technoquip-tn.com/produit/brosse-disque-moyenne-rouge-280mm/,2025-02-11
Rouleau microfibre 300mm karcher,د.ت 508.290,https://www.technoquip-tn.com/produit/rouleau-microfibre-300mm-karcher/,2025-02-11
Brosse rouleau moyenne 350mm rouge karcher,د.ت 322.230,https://www.technoquip-tn.com/produit/brosse-rouleau-moyenne-350mm-tunisie/,2025-02-11
Brosse rouleau 300 mm karcher,د.ت 216.450,https://www.technoquip-tn.com/produit/brosse-rouleau-300-mm-karcher-tunis/,2025-02-11
Kit de 2 rouleaux karcher pour BR 30/1 C Bp Pack,د.ت 129.780,https://www.technoquip-tn.com/produit/kit-de-2-rouleaux-karcher-tunisie/,2025-02-11
Jeu de lèvres aspiration strié 450 mm karcher,د.ت 247.170,https://www.technoquip-tn.com/produit/jeu-de-levres-aspiration-strie-tunis/,2025-02-11
Tête de lavage karcher PW 30/1,د.ت 5.350.560,https://www.technoquip-tn.com/produit/tete-de-lavage-karcher-pw-30-tunisie/,2025-02-11
Buse de rembourrage compacte 110 mm karcher,د.ت 179.000,https://www.technoquip-tn.com/produit/buse-de-rembourrage-compacte-tunisie/,2025-02-11
Adaptateur de surface dure karcher 240 mm,د.ت 141.120,https://www.technoquip-tn.com/produit/adaptateur-de-surface-dure-karcher/,2025-02-11
Barre aspiration buse de sol puzzi 240 mm Karcher,د.ت 90.300,https://www.technoquip-tn.com/produit/barre-aspiration-buse-de-sol-puzzi/,2025-02-11
Adaptateur aspiration TL Karcher,د.ت 671.145,https://www.technoquip-tn.com/produit/adaptateur-aspiration-tl-karcher/,2025-02-11
Kit de réparation ID 35 karcher,د.ت 210.105,https://www.technoquip-tn.com/produit/kit-de-reparation-id-35-karcher/,2025-02-11
Kit accessoires nettoyage automobile DN35 karcher,د.ت 230.535,https://www.technoquip-tn.com/produit/kit-accessoires-nettoyage-automobile/,2025-02-11
Buse sol humide et sec karcher plastique avancé DN 40,د.ت 232.170,https://www.technoquip-tn.com/produit/buse-sol-humide-et-sec-karcher-tunis/,2025-02-11
Suceur combiné emballé DN35 karcher,د.ت 172.950,https://www.technoquip-tn.com/produit/suceur-combine-emballe-dn35-karcher/,2025-02-11
Suceur eau et poussières standard plastique DN 40 karcher,د.ت 172.950,https://www.technoquip-tn.com/produit/suceur-eau-et-poussieres-standard/,2025-02-11
Flexible aspiration DN40 karcher,د.ت 241.650,https://www.technoquip-tn.com/produit/flexible-aspiration-dn40-karcher/,2025-02-11
"Flexible aspiration pour Puzzi de 2,5 m karcher",د.ت 436.740,https://www.technoquip-tn.com/produit/flexible-aspiration-pour-puzzi-tunis/,2025-02-11
Flexible aspiration DN35 karcher,د.ت 102.780,https://www.technoquip-tn.com/produit/flexible-aspiration-dn35-karcher/,2025-02-11
Filtre HEPA 13 emballé karcher,د.ت 166.020,https://www.technoquip-tn.com/produit/filtre-hepa-13-emballe-karcher-tunis/,2025-02-11
Sac filtrant pour eau 5 pcs karcher,د.ت 420.540,https://www.technoquip-tn.com/produit/sac-filtrant-pour-eau-5-pcs-karcher/,2025-02-11
Sacs filtrants papier 5 pcs karcher,د.ت 145.605,https://www.technoquip-tn.com/produit/sacs-filtrants-papier-5-pcs-karcher/,2025-02-11
Sacs filtre papier 10 pcs karcher,د.ت 133.965,https://www.technoquip-tn.com/produit/sacs-filtre-papier-10-pcs-karcher/,2025-02-11
Sacs à filtre papier toison 5 pcs karcher,د.ت 97.335,https://www.technoquip-tn.com/produit/sacs-a-filtre-papier-toison-5-pcs/,2025-02-11
Panier filtre Classic emballé karcher pour NT70,د.ت 200.115,https://www.technoquip-tn.com/produit/panier-filtre-classic-emballe-tunis/,2025-02-11
Filtre HEPA 14 karcher pour T 10/1 et T 11/1,د.ت 156.960,https://www.technoquip-tn.com/produit/filtre-hepa-14-karcher-tunisie/,2025-02-11
Filtre à cartouche karcher,د.ت 145.245,https://www.technoquip-tn.com/produit/filtre-a-cartouche-karcher-tunisie/,2025-02-11
Filtre à cartouche emballé PES karcher,د.ت 80.625,https://www.technoquip-tn.com/produit/filtre-a-cartouche-emballe-pes-tunis/,2025-02-11
"Panier à filtre principal karcher permanent, T 11/1",د.ت 64.095,https://www.technoquip-tn.com/produit/panier-a-filtre-principal-karcher/,2025-02-11
Filtres mousses karcher emballee,د.ت 70.245,https://www.technoquip-tn.com/produit/filtres-mousses-karcher-tunisie/,2025-02-11
Kit levres de caoutchouc karcher,د.ت 78.930,https://www.technoquip-tn.com/produit/kit-levres-de-caoutchouc-karcher/,2025-02-11
Remplacement des outils de sol SG 4/4 karcher,د.ت 120.300,https://www.technoquip-tn.com/produit/remplacement-des-outils-de-sol/,2025-02-11
Brosse iSolar 400 karcher Avancé,د.ت 2.293.515,https://www.technoquip-tn.com/produit/brosse-isolar-400-karcher-tunisie/,2025-02-11
jeu de 5 lingettes Éponge karcher,د.ت 114.555,https://www.technoquip-tn.com/produit/jeu-de-5-lingettes-eponge-karcher/,2025-02-11
Suceur aspiration en V karcher,د.ت 1.997.010,https://www.technoquip-tn.com/produit/suceur-aspiration-en-v-karcher-tunis/,2025-02-11
Jeu de lèvres aspiration karcher,د.ت 617.625,https://www.technoquip-tn.com/produit/jeu-de-levres-aspiration-karcher/,2025-02-11
Raclettes aspiration karcher résistant aux hydrocarbures,د.ت 302.400,https://www.technoquip-tn.com/produit/raclettes-aspiration-karcher-tunisie/,2025-02-11
Dispositif hydrosablage Kärcher,د.ت 926.835,https://www.technoquip-tn.com/produit/dispositif-hydrosablage-karcher/,2025-02-11
Adaptateur 8 TR20IG-M18AG karcher,د.ت 195.255,https://www.technoquip-tn.com/produit/adaptateur-8-tr20ig-m18ag-karcher/,2025-02-11
Filtre complet pour HD Kärcher,د.ت 95.760,https://www.technoquip-tn.com/produit/filtre-complet-pour-hd-karcher-tunis/,2025-02-11
Réservoir complet Karcher complet BDS 43/150C,د.ت 677.000,https://www.technoquip-tn.com/produit/reservoir-complet-karcher-tunisie/,2025-02-11
Brosse à disque karcher,د.ت 429.690,https://www.technoquip-tn.com/produit/brosse-a-disque-karcher-tunisie/,2025-02-11
Lot de 5 Pads karcher,د.ت 431.170,https://www.technoquip-tn.com/produit/lot-de-5-pads-karcher-tunisie/,2025-02-11
Système de châssis karcher,د.ت 4.278.540,https://www.technoquip-tn.com/produit/systeme-de-chassis-karcher-tunisie/,2025-02-11
Entraînement brosse-rouleau 500 Karcher,د.ت 6.249.525,https://www.technoquip-tn.com/produit/entrainement-brosse-rouleau-500/,2025-02-11
Brosse-rouleau 500 Karcher moyenne et souple,د.ت 1.344.690,https://www.technoquip-tn.com/produit/brosse-rouleau-500-karcher-tunisie/,2025-02-11
Protection anti-éclaboussures pour brosse-rouleau 500 Karcher,د.ت 865.290,https://www.technoquip-tn.com/produit/protection-anti-eclaboussures-tunis/,2025-02-11
Articulation Vario Karcher,د.ت 928.440,https://www.technoquip-tn.com/produit/articulation-vario-karcher-tunisie/,2025-02-11
Adaptateur basse pression TL karcher,د.ت 683.295,https://www.technoquip-tn.com/produit/adaptateur-basse-pression-tl-karcher/,2025-02-11
Joint à angle Karcher,د.ت 184.815,https://www.technoquip-tn.com/produit/joint-a-angle-karcher-tunisie/,2025-02-11
Lance télescopique TL KARCHER,د.ت 2.315.295,https://www.technoquip-tn.com/produit/lance-telescopique-tl-karcher-tunis/,2025-02-11
Lance à mousse buse Karcher,د.ت 492.795,https://www.technoquip-tn.com/produit/lance-a-mousse-buse-karcher-tunisie/,2025-02-11
kit de buses Kärcher FRV 30,د.ت 378.345,https://www.technoquip-tn.com/produit/kit-de-buses-karcher-frv-30-tunisie/,2025-02-11
Nettoyeur de surfaces FRV 30 Karcher,د.ت 2.594.325,https://www.technoquip-tn.com/produit/nettoyeur-de-surfaces-frv-30-karcher/,2025-02-11
Lance pour le nettoyage Karcher des bas de caisses 700 mm,د.ت 812.565,https://www.technoquip-tn.com/produit/lance-pour-le-nettoyage-karcher/,2025-02-11
Brosse-rouleau Karcher,د.ت 558.210,https://www.technoquip-tn.com/produit/brosse-rouleau-karcher-tunisie/,2025-02-11
Articulation haute pression Kärcher,د.ت 644.865,https://www.technoquip-tn.com/produit/articulation-haute-pression-karcher/,2025-02-11
Flexible HP DN 8-315 bar Karcher,د.ت 767.475,https://www.technoquip-tn.com/produit/flexible-hp-dn-8-315-bar-tunisie/,2025-02-11
Tuyau avec embrayage 25m et 50m Karcher,د.ت 451.395,https://www.technoquip-tn.com/produit/tuyau-avec-embrayage-25m-et-50m/,2025-02-11
Flexible HP iSolar 155C Karcher,د.ت 404.070,https://www.technoquip-tn.com/produit/flexible-hp-isolar-155c-karcher/,2025-02-11
Buse chimique TR 25-250 Karcher,د.ت 98.370,https://www.technoquip-tn.com/produit/buse-chimique-tr-25-250-karcher/,2025-02-11
Buse électrique TR 25 Karcher,د.ت 91.785,https://www.technoquip-tn.com/produit/buse-electrique-tr-25-karcher-tunis/,2025-02-11
Vis de buse Kärcher,د.ت 77.010,https://www.technoquip-tn.com/produit/vis-de-buse-karcher-tunisie/,2025-02-11
Kit de conversion depuis tuyau HP Kärcher,د.ت 971.385,https://www.technoquip-tn.com/produit/kit-de-conversion-depuis-tuyau-hp/,2025-02-11
Poignée-pistolet Easy Press Kärcher,د.ت 535.350,https://www.technoquip-tn.com/produit/poignee-pistolet-easy-press-karcher/,2025-02-11
Adaptateur haute pression TL KARCHER,د.ت 430.365,https://www.technoquip-tn.com/produit/adaptateur-haute-pression-tl-karcher/,2025-02-11
Rotabuse grande TR050 Prof KARCHER,د.ت 723.000,https://www.technoquip-tn.com/produit/rotabuse-grande-tr050-prof-karcher/,2025-02-11
Ciseau diagonal  pour échafaudage ProTUBE L,د.ت 129.000,https://www.technoquip-tn.com/produit/ciseau-diagonal-pour-echafaudage-protube-l-tunisie/,2025-02-11
Cadre modulaire pour échafaudage ProTUBE L,د.ت 0.000,https://www.technoquip-tn.com/produit/cadre-modulaire-pour-echafaudage-protube-l-tunisie/,2025-02-11
Plinthe pour échafaudage ProTUBE L,د.ت 235.000,https://www.technoquip-tn.com/produit/plinthe-pour-echafaudage-protube-l-tunisie/,2025-02-11
Support complet pour échafaudage,د.ت 0.000,https://www.technoquip-tn.com/produit/support-complet-pour-echafaudage-tunisie/,2025-02-11
Plinthe pour échafaudage,د.ت 45.500,https://www.technoquip-tn.com/produit/plinthe-pour-echafaudage-tunisie/,2025-02-11
Plate-forme avec porte visite pour échafaudage ProTUBE L,د.ت 505.000,https://www.technoquip-tn.com/produit/plate-forme-avec-porte-visite-pour-echafaudage-protube-l-tunisie/,2025-02-11
Buse & Aiguille 1.4mm W200 WB1 Iwata,د.ت 225.000,https://www.technoquip-tn.com/produit/buse-aiguille-1-4mm-w200-wb1-iwata-tunisie/,2025-02-11
Buse & Aiguille 1.3mm AZ3 HTE2 Iwata,د.ت 43.000,https://www.technoquip-tn.com/produit/buse-aiguille-1-3mm-az3-hte2-iwata-tunisie/,2025-02-11
Buse & Aiguille W200 pression Iwata,د.ت 279.000,https://www.technoquip-tn.com/produit/buse-aiguille-w200-pression-iwata-tunisie/,2025-02-11
Buse & Aiguille W200 Succion Iwata,د.ت 187.000,https://www.technoquip-tn.com/produit/buse-aiguille-w200-succion-iwata-tunisie/,2025-02-11
Buse & Aiguille 1.3mm W400 WB2 Iwata,د.ت 633.000,https://www.technoquip-tn.com/produit/buse-aiguille-1-3mm-w400-wb2-iwata-tunisie/,2025-02-11
Buse & Aiguille 1.2mm 200WB-12 ANEST IWATA,د.ت 219.000,https://www.technoquip-tn.com/produit/buse-aiguille-1-2mm-200wb-12-anest-iwata-tunisie/,2025-02-11
Buse & Aiguille 1.4mm W400 bellaria Iwata,د.ت 403.000,https://www.technoquip-tn.com/produit/buse-aiguille-1-4mm-w400-bellaria-iwata-tunisie/,2025-02-11
Buse & Aiguille 1.3mm HD WS400 Supernova,د.ت 561.000,https://www.technoquip-tn.com/produit/buse-aiguille-1-3mm-hd-ws400-supernova-tunisie/,2025-02-11
Buse & Aiguille 0.6mm,د.ت 103.000,https://www.technoquip-tn.com/produit/buse-aiguille-0-6mm-tunisie/,2025-02-11
Buse & Aiguille 400 WBX-1.4mm,د.ت 342.000,https://www.technoquip-tn.com/produit/buse-aiguille-400-wbx-1-4mm-tunisie/,2025-02-11
Buse & Aiguille 1.6mm W400,د.ت 224.000,https://www.technoquip-tn.com/produit/buse-aiguille-1-6mm-w400-tunisie/,2025-02-11
Godet gravité 600cc PC-G600P-2 (sans microfiltres),د.ت 192.000,https://www.technoquip-tn.com/produit/godet-gravite-600cc-pc-g600p-2-sans-microfiltres-tunisie/,2025-02-11
Godet succion 1/4″ tour 1L PC12 raccord 3/8″,د.ت 445.000,https://www.technoquip-tn.com/produit/godet-succion-1-4-tour-1l-pc12-raccord-3-8-tunisie/,2025-02-11
Godet 600ML PCG-6-PE,د.ت 275.000,https://www.technoquip-tn.com/produit/godet-600ml-pcg-6-pe-tunisie/,2025-02-11
Jeux charbons BOSCH,د.ت 6.000,https://www.technoquip-tn.com/produit/jeux-charbons-bosch-tunisie/,2025-02-11
Jeux charbons pour perceuse,د.ت 6.000,https://www.technoquip-tn.com/produit/jeux-charbons-pour-perceuse-tunisie/,2025-02-11
Jeux charbons pour meuleuse angulaire,د.ت 12.000,https://www.technoquip-tn.com/produit/jeux-charbons-pour-meuleuse-angulaire-tunisie/,2025-02-11
Buse nitrure de silicium,د.ت 273.000,https://www.technoquip-tn.com/produit/buse-nitrure-de-silicium-tunisie/,2025-02-11
Lance pour nettoyeur HP GIANT 24-28,د.ت 59.000,https://www.technoquip-tn.com/produit/lance-pour-nettoyeur-hp-giant-24-28/,2025-02-11
Boîte à boutons de commande,د.ت 150.000,https://www.technoquip-tn.com/produit/boite-a-boutons-de-commande-tunisie/,2025-02-11
Interrupteur complet 5.009.0716 pour nettoyeur HP LAVOR,د.ت 54.000,https://www.technoquip-tn.com/produit/interrupteur-complet-5-009-0716-pour-nettoyeur-hp-lavor-tunisie/,2025-02-11
Moteur énergie DG 108 MOM,د.ت 295.000,https://www.technoquip-tn.com/produit/moteur-energie-dg-108-mom-tunisie/,2025-02-11
Ressort ponceuse MOM,د.ت 56.000,https://www.technoquip-tn.com/produit/ressort-ponceuse-mom-tunisie/,2025-02-11
Nettoyeur haute pression FW24030 COMET,د.ت 2.870.000,https://www.technoquip-tn.com/produit/nettoyeur-haute-pression-fw24030-comet-tunisie/,2025-02-11
Molette Carrelage 22mm Titanium – SGS146,د.ت 22.000,https://www.technoquip-tn.com/produit/molette-carrelage-22mm-titanium-sgs146/,2025-02-11
Molette Carrelage 16mm Mac/Pro – SGS144,د.ت 15.000,https://www.technoquip-tn.com/produit/molette-carrelage-16mm-mac-pro-sgs144-tunisie/,2025-02-11
