Nom du Produit,Prix (TND)
Gaufrette chocolat 110 G Dcroc Gaufrette tiramisu 110 G Dcroc Boisson instantanée chocolat 100 G O'ppa Gaufrette capuccino 110 G Dcroc Gaufrette noisette 110 G Dcroc Biscuit fourré goût lait et caco 190 G TOM Biscuit fourré goût noisette 190 G TOM Biscuit fourré goût fraise 190 G TOM,1.49
Biscuit fourré goût vanille 190 G TOM Lot 2 cookies chocolat 2* 90 G Lot 2 cookies noix de coco 2* 90 G Lot 2 cookies sésame 2* 90 G Gaufrette 200gr Tom Lot 6 yaourts brassés vanille 6* 70 G Natilait Lot de 5 yaourts brassés 5* 70 G Natilait Lot de 5 yaourts brassés biscuit vanille 5* 70 G Natilait,1.55
Lot de 5 yaourts brassés fraise gaufrette 5* 70 G Natilait Bouillon de poulet durra 72 G Lot de 4 yaourts à boire fraise 6* 160 G Natilait Lot de 4 yaourts à boire pomme vanille 6*160ML Natilait Lot de 6 yaourts à boire céréales 6*160ML Natilait Essuie-tout narcisse 2 rouleaux Lilas Groupage de 10 cakes cacao 10* 18 G Tomito Groupage de 10 cakes vanille 10* 18 G Tomito,1.72
Boisson gazeuse citron 1 L Viva Boisson gazeuse pèche 1 L Viva Boisson gazeuse pomme 1 L Viva Boisson gazeuse cocktail de fruits 1 L Tropico Mhamsa 500 G MIMA Boisson gazeuse 1 L Raoua Eau de table 6 L PRIMAQUA Boisson gazeuse cidre 1L Viva Lot de 2 Sucettes animeaux craco 20 GR Lot 2 pains de mie 14 tranches nature,1.99
Lot de 2 Pains de mie 14 tranches complet Lot de 2 tomates concassée ail Boisson gazeuse cidre 1.5 L Punch Boisson gazeuse orange 1.5 L Punch Boisson gazeuse pomme 1.5 L Punch Lot de 6 yaourts aromatisés fruits de bois 6* 100 G Vitalait,2.0
Lot de 6 yaourts aromatisés banane 6* 100G Vitalait Lot d 6 yaourts aromatisés citron 6* 100 G Vitalait Lot de 6 yaourts aromatisés pêche abricot 6* 100 G Vitalait Lot de 6 yaourts aromatisés vanille 6* 100 G Vitalait Jus nectar d'ananas 1 L Diva Boisson au jus multifruit 1 L Diva Boisson au jus pomme 1 L Diva Bssisa 500 G Djebbi Lot 6 browniz recette intense 6* 60 G Lot 6 cakes blondiz gout caramel 6* 60 G,2.65
Lot 6 browniz cacao 6* 60 G Lot 3 brioches fourrées chocolat 3* 45 G Lot de 2 sucettes père noël craco 33 GRX2 Préparation alimentaire 24 pièces Le fondant Hrous 380gr Neblia Thon en morceaux 140 G AL MARSA,2.84
Nouasser artisanal 500 G BIT EL MOUNA Lot de 5 donuts 5* 50 G Lot 5 donuts fraise 5* 50 G Moulin d'Or Lot 5 donuts crème de cacao Moulin d'Or Lot 5 donuts crème de vanille Moulin d'Or Lot de 4 boissons instantanées ananas 4* 40 G Fruit'o Lot de 4 boissons instantanées citron 4* 40 G Fruit'o Lot de 4 boissons instantanées cocktail 4* 40 G Fruit'o,2.99
Lot de 4 boissons instantanées orange 4* 40 G Fruit'o Mayonnaise 240ML Jadida Lot de 5 tartes abricot 5* 70 G Lot de 5 tartes amandor 5* 70 G Lot de 5 tartes figue 5* 70 G Lot de 5 tartes pomme 5* 70 G Lot de 3 mini jambon de dinde 100 gr x3 Lot de 2 fromage mini mozza pizza sur la 2ème 130 GR,3.1
Chamia nature 200 G Le moulin Lot de 3 boites harissa 3* 135 G KERKOUANE Fromage carré 8 portions Délice Dentifrice menthe fraiche 120ML Signal Lot de 6 jus orange 18 CL Lot de 6 Jus tropical 18 CL Confiture abricot 470 G Sicam Lot 3 gaufrettes flight 2* 50 G + 30 G Flight,3.58
Cacahuète enrobé goût hot chili 100 GR Cacahuète enrobé goût pizza 100 GR Préparation pour fondant au chocolat 400 GR Lot de 2 préparation tranchettes 2*10 tranches Le fondant Ricotta 300 G Kaiser Lot de 2 salamis dinde 2*250GR Shampoing extrême femme cheveux colorés ou méchés 350 ML Lilas Shampoing extrême homme double-action 500ML Lilas,3.99
Lot 2 margarines plus 2* 200 G Goldina Lot de 2 harissa 2* 380 G Déodorant femme fruité 200ML Souplesse Barre de cake avec pépites de chocolat 700gr Daily'n Cake family citron 700gr Daily'n Déodorant femme lait d'avocat 200ML Souplesse Cake nature pepite 700GR Confiture fraise 470 G Sicam,4.8
CHIPS 70GR MISTER CHIPS PAPRIKA CHIPS 70GR MISTER CHIPS SEL DE MER Lot de 2 chips mister chips ail et persil 70 GR X 2 Lot de 2 chips mister chips truffe et permesan 70 GR X 2 Lot de 2 chips mister chips romarin 70 GR X 2 2 glace caramel gold 2* 90 ML,5.7
2 glaces cookies 2* 95 ML 2 glaces amandes 2* 100 ML 2 glaces sunlover 2* 85 ML Lot de 2 kefta dinde en sachet 2*440GR Mliha Chamia aux amandes 350 G Papillon Café soluble nescafé classic doypack 55 GR Pack fruit sec 200 GR Lot de 3 fardeaux d'eau minérale 18* 2 L Vivian,5.9
Céréales grain d'or cacao 900 G Nestlé Céréales miel 900 G Nestlé Crème à tartiner 1 KG Huile d'olive vièrge 1 L Thon entier huile tournesol 400gr El Manar Café soluble bocal 90g Délice Fromage triangulaire 48 portions Délice Lot 2 barquettes de glace 2* 900 ML Eskimo,9.99
